<?xml version="1.0" encoding="UTF-8"?>
<beans xmlns="http://www.springframework.org/schema/beans"
	xmlns:xsi="http://www.w3.org/2001/XMLSchema-instance"
	xsi:schemaLocation="http://www.springframework.org/schema/beans http://www.springframework.org/schema/beans/spring-beans.xsd">
	<!-- depnt bean -->
	<bean id="my_atm" class="dependent.ATMImpl" init-method="myInit"
		destroy-method="myDestroy">
		<!-- ctor based D.I -->
		<constructor-arg name="cash1234" value="12345678" />
		<!-- setter based D.I -->
		<property name="myTransport" ref="http" />
		<property name="notificationService" ref="email" />
	</bean>
	<!-- config of depcy bean -->
	<!-- singleton n eager -->
	<bean id="test" class="dependency.TestTransport" lazy-init="true" />
	<!-- singleton n lazy -->
	<bean id="http" class="dependency.HttpTransport" scope="prototype" />
	<!-- singleton eager -->
	<bean id="soap" class="dependency.SoapTransport" />
	<!-- add customer notification beans -->
	<bean id="email" class="dependency.EmailNotificationService" />
	<bean id="sms" class="dependency.SmSNotificationService" />

</beans>
